{
  "auth_ctct_pinned_thr1_poly8192_tau020.csv": {
    "file": "auth_ctct_pinned_thr1_poly8192_tau020.csv",
    "latency": {
      "embed_ms": {
        "mean": 311.71921000000003,
        "median": 287.24199999999996,
        "p95": 405.4945499999983
      },
      "ipfs_cat_ms": {
        "mean": 9.32314,
        "median": 8.1985,
        "p95": 16.250449999999997
      },
      "he_eval_ms": {
        "mean": 44.30982,
        "median": 41.1545,
        "p95": 60.14844999999998
      },
      "decrypt_ms": {
        "mean": 1.4462150000000003,
        "median": 1.3745,
        "p95": 1.9300999999999997
      },
      "end_to_end_ms": {
        "mean": 465.20747500000004,
        "median": 457.97,
        "p95": 568.8757
      },
      "chain_request_ms": {
        "mean": 55.06925999999999,
        "median": 54.752,
        "p95": 66.88095
      },
      "chain_decide_ms": {
        "mean": 53.720060000000004,
        "median": 53.4975,
        "p95": 63.94104999999998
      },
      "chain_total_ms": {
        "mean": 108.78932,
        "median": 107.67599999999999,
        "p95": 129.0025
      }
    },
    "accuracy": {
      "far": 0.0,
      "frr": 0.04,
      "accuracy": 0.98,
      "genuine_total": 100,
      "impostor_total": 100
    }
  },
  "auth_ctpt_pinned_thr1_poly8192_tau015.csv": {
    "file": "auth_ctpt_pinned_thr1_poly8192_tau015.csv",
    "latency": {
      "embed_ms": {
        "mean": 291.20861,
        "median": 279.41949999999997,
        "p95": 410.36464999999987
      },
      "ipfs_cat_ms": {
        "mean": 9.227125000000001,
        "median": 7.888,
        "p95": 16.77039999999999
      },
      "he_eval_ms": {
        "mean": 29.130395,
        "median": 26.219,
        "p95": 41.824499999999986
      },
      "decrypt_ms": {
        "mean": 1.3476599999999999,
        "median": 1.2275,
        "p95": 1.9002999999999999
      },
      "end_to_end_ms": {
        "mean": 425.53342,
        "median": 417.095,
        "p95": 494.17255
      },
      "chain_request_ms": {
        "mean": 50.8235,
        "median": 50.6385,
        "p95": 59.31814999999999
      },
      "chain_decide_ms": {
        "mean": 49.66187,
        "median": 49.227500000000006,
        "p95": 60.137249999999995
      },
      "chain_total_ms": {
        "mean": 100.48539499999998,
        "median": 100.41050000000001,
        "p95": 115.1652
      }
    },
    "accuracy": {
      "far": 0.08,
      "frr": 0.02,
      "accuracy": 0.95,
      "genuine_total": 100,
      "impostor_total": 100
    }
  },
  "auth_ctpt_pinned_thr1_poly8192_tau020.csv": {
    "file": "auth_ctpt_pinned_thr1_poly8192_tau020.csv",
    "latency": {
      "embed_ms": {
        "mean": 294.66898000000003,
        "median": 281.83500000000004,
        "p95": 397.47834999999947
      },
      "ipfs_cat_ms": {
        "mean": 8.890475,
        "median": 7.804,
        "p95": 15.6204
      },
      "he_eval_ms": {
        "mean": 28.865049999999997,
        "median": 27.42,
        "p95": 40.78605
      },
      "decrypt_ms": {
        "mean": 1.3329999999999997,
        "median": 1.262,
        "p95": 1.80605
      },
      "end_to_end_ms": {
        "mean": 430.32968500000004,
        "median": 421.064,
        "p95": 510.48024999999984
      },
      "chain_request_ms": {
        "mean": 51.98813,
        "median": 51.343500000000006,
        "p95": 62.260699999999986
      },
      "chain_decide_ms": {
        "mean": 50.37747,
        "median": 49.430499999999995,
        "p95": 60.15004999999998
      },
      "chain_total_ms": {
        "mean": 102.365605,
        "median": 101.4885,
        "p95": 119.94239999999996
      }
    },
    "accuracy": {
      "far": 0.0,
      "frr": 0.04,
      "accuracy": 0.98,
      "genuine_total": 100,
      "impostor_total": 100
    }
  },
  "auth_ctpt_pinned_thr1_poly8192_tau020_v2.csv": {
    "file": "auth_ctpt_pinned_thr1_poly8192_tau020_v2.csv",
    "latency": {
      "embed_ms": {
        "mean": 306.28799,
        "median": 292.4595,
        "p95": 473.28989999999993
      },
      "ipfs_cat_ms": {
        "mean": 9.41264,
        "median": 7.797000000000001,
        "p95": 17.026599999999995
      },
      "he_eval_ms": {
        "mean": 29.772300000000005,
        "median": 27.2915,
        "p95": 42.22284999999999
      },
      "decrypt_ms": {
        "mean": 1.349225,
        "median": 1.228,
        "p95": 1.9460499999999996
      },
      "end_to_end_ms": {
        "mean": 439.47033000000005,
        "median": 427.28099999999995,
        "p95": 534.5783499999995
      },
      "chain_request_ms": {
        "mean": 51.82446,
        "median": 51.294,
        "p95": 62.486549999999994
      },
      "chain_decide_ms": {
        "mean": 49.944604999999996,
        "median": 49.679,
        "p95": 60.16345
      },
      "chain_total_ms": {
        "mean": 101.76913499999999,
        "median": 100.681,
        "p95": 120.38314999999999
      }
    },
    "accuracy": {
      "far": 0.0,
      "frr": 0.04,
      "accuracy": 0.98,
      "genuine_total": 100,
      "impostor_total": 100
    }
  },
  "auth_ctpt_pinned_thr1_poly8192_tau025.csv": {
    "file": "auth_ctpt_pinned_thr1_poly8192_tau025.csv",
    "latency": {
      "embed_ms": {
        "mean": 295.46204,
        "median": 278.882,
        "p95": 379.7282499999997
      },
      "ipfs_cat_ms": {
        "mean": 8.992104999999999,
        "median": 7.8975,
        "p95": 16.07635
      },
      "he_eval_ms": {
        "mean": 29.37719,
        "median": 26.9165,
        "p95": 42.30234999999999
      },
      "decrypt_ms": {
        "mean": 1.3425699999999998,
        "median": 1.234,
        "p95": 1.8192499999999998
      },
      "end_to_end_ms": {
        "mean": 424.9647,
        "median": 416.8195,
        "p95": 507.96759999999995
      },
      "chain_request_ms": {
        "mean": 50.091800000000006,
        "median": 49.982,
        "p95": 60.487649999999995
      },
      "chain_decide_ms": {
        "mean": 48.754105,
        "median": 47.8535,
        "p95": 59.52364999999999
      },
      "chain_total_ms": {
        "mean": 98.84596000000002,
        "median": 98.10300000000001,
        "p95": 116.90179999999997
      }
    },
    "accuracy": {
      "far": 0.0,
      "frr": 0.09,
      "accuracy": 0.955,
      "genuine_total": 100,
      "impostor_total": 100
    }
  },
  "auth_ctpt_pinned_thr1_poly8192_tau030.csv": {
    "file": "auth_ctpt_pinned_thr1_poly8192_tau030.csv",
    "latency": {
      "embed_ms": {
        "mean": 313.06993,
        "median": 301.1105,
        "p95": 370.47174999999993
      },
      "ipfs_cat_ms": {
        "mean": 9.752240000000002,
        "median": 8.819,
        "p95": 16.368199999999995
      },
      "he_eval_ms": {
        "mean": 32.754775,
        "median": 31.0165,
        "p95": 47.12689999999999
      },
      "decrypt_ms": {
        "mean": 1.4482,
        "median": 1.368,
        "p95": 1.8851
      },
      "end_to_end_ms": {
        "mean": 473.499125,
        "median": 460.81399999999996,
        "p95": 600.5213
      },
      "chain_request_ms": {
        "mean": 58.44111999999999,
        "median": 58.456500000000005,
        "p95": 71.81999999999998
      },
      "chain_decide_ms": {
        "mean": 56.869195,
        "median": 57.047,
        "p95": 66.73615
      },
      "chain_total_ms": {
        "mean": 115.31030500000001,
        "median": 115.849,
        "p95": 134.89365
      }
    },
    "accuracy": {
      "far": 0.0,
      "frr": 0.13,
      "accuracy": 0.935,
      "genuine_total": 100,
      "impostor_total": 100
    }
  },
  "auth_ctpt_pinned_thr1_poly8192_tau035.csv": {
    "file": "auth_ctpt_pinned_thr1_poly8192_tau035.csv",
    "latency": {
      "embed_ms": {
        "mean": 302.85276000000005,
        "median": 283.8135,
        "p95": 400.51189999999895
      },
      "ipfs_cat_ms": {
        "mean": 9.627384999999999,
        "median": 8.372499999999999,